,TimeStamp,ID,Age,Gender,Language,StimulusL,StimulusR,Response,OrientationL,OrientationR,BlankSpaceL,BlankSpaceR,ComplexityL,ComplexityR,NoiseL,NoiseR,Reaction_time,reaction_time
0,2021_Oct_29_1319,018,41,male,English,stimulus_o1_b1_c3_n3,stimulus_o1_b2_c3_n3,left,1,1,1,2,3,3,3,3,,2.4318867000001774
1,2021_Oct_29_1319,018,41,male,English,stimulus_o1_b3_c3_n2,stimulus_o2_b1_c2_n1,right,1,2,3,1,3,2,2,1,,1.3271617999998853
2,2021_Oct_29_1319,018,41,male,English,stimulus_o2_b1_c2_n2,stimulus_o2_b3_c1_n3,left,2,2,1,3,2,1,2,3,,0.8362021000029927
3,2021_Oct_29_1319,018,41,male,English,stimulus_o2_b1_c2_n1,stimulus_o2_b2_c1_n3,left,2,2,1,2,2,1,1,3,,0.9249999999992724
4,2021_Oct_29_1319,018,41,male,English,stimulus_o2_b1_c1_n1,stimulus_o2_b2_c2_n3,left,2,2,1,2,1,2,1,3,,1.0106543000001693
5,2021_Oct_29_1319,018,41,male,English,stimulus_o1_b1_c1_n2,stimulus_o2_b1_c2_n1,right,1,2,1,1,1,2,2,1,,1.0513303999978234
6,2021_Oct_29_1319,018,41,male,English,stimulus_o1_b2_c2_n1,stimulus_o1_b3_c2_n3,left,1,1,2,3,2,2,1,3,,1.1250557000021217
7,2021_Oct_29_1319,018,41,male,English,stimulus_o1_b1_c2_n3,stimulus_o1_b3_c1_n1,right,1,1,1,3,2,1,3,1,,1.1141212999973504
8,2021_Oct_29_1319,018,41,male,English,stimulus_o1_b1_c3_n1,stimulus_o1_b2_c3_n3,left,1,1,1,2,3,3,1,3,,1.1516187000015634
9,2021_Oct_29_1319,018,41,male,English,stimulus_o1_b1_c2_n1,stimulus_o1_b1_c2_n3,left,1,1,1,1,2,2,1,3,,1.067325299998629
10,2021_Oct_29_1319,018,41,male,English,stimulus_o1_b2_c3_n3,stimulus_o2_b2_c3_n2,right,1,2,2,2,3,3,3,2,,1.5949175000023388
11,2021_Oct_29_1319,018,41,male,English,stimulus_o1_b1_c1_n1,stimulus_o1_b2_c3_n1,right,1,1,1,2,1,3,1,1,,1.0607557000002998
12,2021_Oct_29_1319,018,41,male,English,stimulus_o1_b1_c3_n1,stimulus_o1_b3_c1_n2,left,1,1,1,3,3,1,1,2,,0.9080830999992031
13,2021_Oct_29_1319,018,41,male,English,stimulus_o1_b3_c3_n2,stimulus_o2_b3_c2_n2,right,1,2,3,3,3,2,2,2,,1.0574522000024444
14,2021_Oct_29_1319,018,41,male,English,stimulus_o1_b1_c3_n2,stimulus_o2_b1_c2_n2,right,1,2,1,1,3,2,2,2,,1.5387184000028356
15,2021_Oct_29_1319,018,41,male,English,stimulus_o1_b3_c2_n1,stimulus_o1_b3_c2_n3,left,1,1,3,3,2,2,1,3,,0.8313067999988561
16,2021_Oct_29_1319,018,41,male,English,stimulus_o1_b1_c1_n3,stimulus_o2_b2_c2_n3,left,1,2,1,2,1,2,3,3,,0.9042301000008592
17,2021_Oct_29_1319,018,41,male,English,stimulus_o1_b3_c1_n3,stimulus_o2_b2_c2_n1,right,1,2,3,2,1,2,3,1,,0.8785800000005111
18,2021_Oct_29_1319,018,41,male,English,stimulus_o1_b1_c3_n3,stimulus_o2_b1_c3_n3,right,1,2,1,1,3,3,3,3,,1.868902700000035
19,2021_Oct_29_1319,018,41,male,English,stimulus_o1_b3_c3_n2,stimulus_o2_b1_c3_n1,left,1,2,3,1,3,3,2,1,,1.748242300000129
20,2021_Oct_29_1319,018,41,male,English,stimulus_o1_b3_c3_n3,stimulus_o2_b3_c1_n2,left,1,2,3,3,3,1,3,2,,0.8873443000011321
21,2021_Oct_29_1319,018,41,male,English,stimulus_o1_b1_c3_n2,stimulus_o2_b2_c3_n3,left,1,2,1,2,3,3,2,3,,1.1260239000002912
22,2021_Oct_29_1319,018,41,male,English,stimulus_o1_b1_c2_n1,stimulus_o2_b1_c3_n3,right,1,2,1,1,2,3,1,3,,0.6758680999992066
23,2021_Oct_29_1319,018,41,male,English,stimulus_o1_b1_c2_n1,stimulus_o1_b2_c3_n3,right,1,1,1,2,2,3,1,3,,1.1071862999997393
24,2021_Oct_29_1319,018,41,male,English,stimulus_o1_b3_c1_n2,stimulus_o2_b3_c2_n3,right,1,2,3,3,1,2,2,3,,1.3694292000000132
25,2021_Oct_29_1319,018,41,male,English,stimulus_o1_b3_c3_n1,stimulus_o2_b2_c1_n2,left,1,2,3,2,3,1,1,2,,0.9015538999992714
26,2021_Oct_29_1319,018,41,male,English,stimulus_o2_b1_c1_n2,stimulus_o2_b2_c2_n2,right,2,2,1,2,1,2,2,2,,0.8749323999982153
27,2021_Oct_29_1319,018,41,male,English,stimulus_o2_b2_c1_n3,stimulus_o2_b3_c2_n2,left,2,2,2,3,1,2,3,2,,1.1467024000012316
28,2021_Oct_29_1319,018,41,male,English,stimulus_o2_b1_c3_n3,stimulus_o2_b2_c2_n3,left,2,2,1,2,3,2,3,3,,1.5912492999996175
29,2021_Oct_29_1319,018,41,male,English,stimulus_o2_b1_c3_n2,stimulus_o2_b3_c3_n2,right,2,2,1,3,3,3,2,2,,1.129259600002115
30,2021_Oct_29_1319,018,41,male,English,stimulus_o1_b3_c3_n1,stimulus_o2_b3_c3_n2,left,1,2,3,3,3,3,1,2,,0.6460283999986132
31,2021_Oct_29_1319,018,41,male,English,stimulus_o1_b3_c1_n2,stimulus_o2_b2_c2_n1,right,1,2,3,2,1,2,2,1,,0.6058776999998372
32,2021_Oct_29_1319,018,41,male,English,stimulus_o1_b3_c2_n3,stimulus_o1_b3_c3_n3,left,1,1,3,3,2,3,3,3,,1.0179298000002746
33,2021_Oct_29_1319,018,41,male,English,stimulus_o1_b3_c3_n2,stimulus_o2_b1_c1_n3,left,1,2,3,1,3,1,2,3,,0.9143936000000394
34,2021_Oct_29_1319,018,41,male,English,stimulus_o2_b1_c1_n1,stimulus_o2_b3_c3_n3,right,2,2,1,3,1,3,1,3,,1.3115821999999753
35,2021_Oct_29_1319,018,41,male,English,stimulus_o1_b2_c2_n2,stimulus_o1_b3_c3_n2,right,1,1,2,3,2,3,2,2,,0.749701599997934
36,2021_Oct_29_1319,018,41,male,English,stimulus_o1_b1_c2_n3,stimulus_o1_b1_c3_n2,right,1,1,1,1,2,3,3,2,,0.921365500002139
37,2021_Oct_29_1319,018,41,male,English,stimulus_o1_b1_c2_n2,stimulus_o1_b2_c2_n3,left,1,1,1,2,2,2,2,3,,1.0960905000029015
38,2021_Oct_29_1319,018,41,male,English,stimulus_o1_b3_c3_n3,stimulus_o2_b3_c3_n1,right,1,2,3,3,3,3,3,1,,1.0139022000003024
39,2021_Oct_29_1319,018,41,male,English,stimulus_o1_b1_c2_n2,stimulus_o2_b2_c3_n3,left,1,2,1,2,2,3,2,3,,0.7440941000022576
40,2021_Oct_29_1319,018,41,male,English,stimulus_o1_b3_c1_n3,stimulus_o2_b3_c3_n3,right,1,2,3,3,1,3,3,3,,1.0198364999996556
41,2021_Oct_29_1319,018,41,male,English,stimulus_o1_b2_c1_n1,stimulus_o2_b2_c1_n3,left,1,2,2,2,1,1,1,3,,0.8056848000014725
42,2021_Oct_29_1319,018,41,male,English,stimulus_o1_b3_c1_n3,stimulus_o2_b1_c3_n1,right,1,2,3,1,1,3,3,1,,0.9202862999991339
43,2021_Oct_29_1319,018,41,male,English,stimulus_o1_b2_c1_n1,stimulus_o2_b2_c1_n2,left,1,2,2,2,1,1,1,2,,0.7649411999991571
44,2021_Oct_29_1319,018,41,male,English,stimulus_o2_b1_c1_n1,stimulus_o2_b3_c3_n2,right,2,2,1,3,1,3,1,2,,0.7133371000018087
45,2021_Oct_29_1319,018,41,male,English,stimulus_o1_b3_c3_n1,stimulus_o2_b1_c2_n2,left,1,2,3,1,3,2,1,2,,1.1113981000016793
46,2021_Oct_29_1319,018,41,male,English,stimulus_o1_b2_c2_n3,stimulus_o2_b3_c2_n2,right,1,2,2,3,2,2,3,2,,1.2368611999991117
47,2021_Oct_29_1319,018,41,male,English,stimulus_o1_b3_c3_n3,stimulus_o2_b2_c2_n2,left,1,2,3,2,3,2,3,2,,0.9005069999984698
48,2021_Oct_29_1319,018,41,male,English,stimulus_o1_b3_c2_n3,stimulus_o2_b1_c1_n1,left,1,2,3,1,2,1,3,1,,4.011784400001488
49,2021_Oct_29_1319,018,41,male,English,stimulus_o1_b1_c2_n2,stimulus_o2_b1_c2_n1,left,1,2,1,1,2,2,2,1,,1.4510030999990704
50,2021_Oct_29_1319,018,41,male,English,stimulus_o1_b3_c2_n1,stimulus_o2_b1_c3_n1,right,1,2,3,1,2,3,1,1,,1.0267224999988684
51,2021_Oct_29_1319,018,41,male,English,stimulus_o1_b2_c1_n1,stimulus_o1_b3_c3_n3,right,1,1,2,3,1,3,1,3,,1.4918496999998752
52,2021_Oct_29_1319,018,41,male,English,stimulus_o1_b1_c2_n2,stimulus_o2_b2_c3_n1,left,1,2,1,2,2,3,2,1,,1.1536190999977407
53,2021_Oct_29_1319,018,41,male,English,stimulus_o2_b2_c1_n3,stimulus_o2_b3_c2_n1,right,2,2,2,3,1,2,3,1,,1.0222008999990067
54,2021_Oct_29_1319,018,41,male,English,stimulus_o2_b3_c1_n1,stimulus_o2_b3_c3_n3,right,2,2,3,3,1,3,1,3,,0.5843304000009084
55,2021_Oct_29_1319,018,41,male,English,stimulus_o2_b1_c2_n2,stimulus_o2_b2_c3_n3,left,2,2,1,2,2,3,2,3,,0.7793301999990945
56,2021_Oct_29_1319,018,41,male,English,stimulus_o2_b2_c1_n2,stimulus_o2_b2_c3_n1,right,2,2,2,2,1,3,2,1,,0.718767200000002
57,2021_Oct_29_1319,018,41,male,English,stimulus_o2_b1_c1_n2,stimulus_o2_b2_c2_n3,right,2,2,1,2,1,2,2,3,,0.804079500001535
58,2021_Oct_29_1319,018,41,male,English,stimulus_o1_b1_c1_n2,stimulus_o2_b2_c1_n2,right,1,2,1,2,1,1,2,2,,1.5027445999985503
59,2021_Oct_29_1319,018,41,male,English,stimulus_o1_b1_c1_n3,stimulus_o1_b2_c1_n2,right,1,1,1,2,1,1,3,2,,1.0363122999988263
60,2021_Oct_29_1319,018,41,male,English,stimulus_o2_b1_c1_n1,stimulus_o2_b3_c2_n3,left,2,2,1,3,1,2,1,3,,0.8688484000012977
61,2021_Oct_29_1319,018,41,male,English,stimulus_o2_b1_c1_n3,stimulus_o2_b3_c3_n3,left,2,2,1,3,1,3,3,3,,1.8441486000010627
62,2021_Oct_29_1319,018,41,male,English,stimulus_o1_b3_c3_n1,stimulus_o1_b3_c3_n3,left,1,1,3,3,3,3,1,3,,0.9877699000026041
63,2021_Oct_29_1319,018,41,male,English,stimulus_o1_b3_c3_n2,stimulus_o2_b2_c1_n3,left,1,2,3,2,3,1,2,3,,0.7508491999979015
64,2021_Oct_29_1319,018,41,male,English,stimulus_o2_b3_c1_n2,stimulus_o2_b3_c3_n1,right,2,2,3,3,1,3,2,1,,0.8032919999968726
65,2021_Oct_29_1319,018,41,male,English,stimulus_o1_b3_c2_n3,stimulus_o2_b1_c2_n2,right,1,2,3,1,2,2,3,2,,1.501938199999131
66,2021_Oct_29_1319,018,41,male,English,stimulus_o2_b3_c2_n1,stimulus_o2_b3_c2_n2,left,2,2,3,3,2,2,1,2,,1.259860199999821
67,2021_Oct_29_1319,018,41,male,English,stimulus_o1_b2_c3_n1,stimulus_o2_b3_c3_n3,left,1,2,2,3,3,3,1,3,,1.2029728000015893
68,2021_Oct_29_1319,018,41,male,English,stimulus_o2_b1_c1_n3,stimulus_o2_b3_c1_n1,right,2,2,1,3,1,1,3,1,,0.9259047999985341
69,2021_Oct_29_1319,018,41,male,English,stimulus_o1_b1_c1_n2,stimulus_o2_b2_c2_n3,left,1,2,1,2,1,2,2,3,,3.6239401000020735
70,2021_Oct_29_1319,018,41,male,English,stimulus_o1_b1_c1_n2,stimulus_o1_b3_c2_n1,right,1,1,1,3,1,2,2,1,,0.9580322000001615
71,2021_Oct_29_1319,018,41,male,English,stimulus_o1_b2_c3_n2,stimulus_o2_b1_c2_n1,left,1,2,2,1,3,2,2,1,,0.8907794000006106
72,2021_Oct_29_1319,018,41,male,English,stimulus_o1_b2_c2_n1,stimulus_o2_b3_c3_n1,right,1,2,2,3,2,3,1,1,,0.737922799999069
73,2021_Oct_29_1319,018,41,male,English,stimulus_o1_b1_c2_n1,stimulus_o1_b2_c3_n1,right,1,1,1,2,2,3,1,1,,1.093930700000783
74,2021_Oct_29_1319,018,41,male,English,stimulus_o1_b3_c1_n3,stimulus_o2_b2_c3_n3,left,1,2,3,2,1,3,3,3,,0.79701009999917
75,2021_Oct_29_1319,018,41,male,English,stimulus_o1_b1_c3_n1,stimulus_o1_b1_c3_n3,left,1,1,1,1,3,3,1,3,,1.0306624000004376
76,2021_Oct_29_1319,018,41,male,English,stimulus_o1_b2_c3_n1,stimulus_o2_b2_c3_n1,left,1,2,2,2,3,3,1,1,,1.1280382000004465
77,2021_Oct_29_1319,018,41,male,English,stimulus_o1_b2_c2_n1,stimulus_o1_b3_c1_n2,left,1,1,2,3,2,1,1,2,,0.6524552000009862
78,2021_Oct_29_1319,018,41,male,English,stimulus_o2_b2_c2_n1,stimulus_o2_b2_c3_n2,right,2,2,2,2,2,3,1,2,,1.1493698000012955
79,2021_Oct_29_1319,018,41,male,English,stimulus_o1_b1_c1_n3,stimulus_o2_b3_c2_n2,left,1,2,1,3,1,2,3,2,,0.8493330000019341
80,2021_Oct_29_1319,018,41,male,English,stimulus_o1_b2_c1_n1,stimulus_o2_b3_c3_n3,right,1,2,2,3,1,3,1,3,,1.089981599998282
81,2021_Oct_29_1319,018,41,male,English,stimulus_o1_b1_c2_n3,stimulus_o2_b3_c2_n1,left,1,2,1,3,2,2,3,1,,0.8152079000028607
82,2021_Oct_29_1319,018,41,male,English,stimulus_o1_b1_c1_n1,stimulus_o2_b3_c1_n1,left,1,2,1,3,1,1,1,1,,1.6971551999995427
83,2021_Oct_29_1319,018,41,male,English,stimulus_o2_b3_c1_n3,stimulus_o2_b3_c3_n2,right,2,2,3,3,1,3,3,2,,1.3586742999978014
84,2021_Oct_29_1319,018,41,male,English,stimulus_o1_b1_c3_n3,stimulus_o2_b2_c2_n2,right,1,2,1,2,3,2,3,2,,1.5305453000000853
85,2021_Oct_29_1319,018,41,male,English,stimulus_o1_b1_c1_n1,stimulus_o1_b1_c2_n2,right,1,1,1,1,1,2,1,2,,0.9105431000025419
86,2021_Oct_29_1319,018,41,male,English,stimulus_o1_b1_c2_n1,stimulus_o2_b2_c1_n2,left,1,2,1,2,2,1,1,2,,0.7726953999990656
87,2021_Oct_29_1319,018,41,male,English,stimulus_o1_b1_c3_n1,stimulus_o2_b1_c3_n1,left,1,2,1,1,3,3,1,1,,1.1362354000011692
88,2021_Oct_29_1319,018,41,male,English,stimulus_o1_b2_c1_n1,stimulus_o2_b3_c2_n1,right,1,2,2,3,1,2,1,1,,0.7406441999992239
89,2021_Oct_29_1319,018,41,male,English,stimulus_o2_b1_c3_n1,stimulus_o2_b3_c1_n2,left,2,2,1,3,3,1,1,2,,0.7781213999987813
90,2021_Oct_29_1319,018,41,male,English,stimulus_o1_b1_c2_n1,stimulus_o2_b1_c3_n2,right,1,2,1,1,2,3,1,2,,1.1493026000025566
91,2021_Oct_29_1319,018,41,male,English,stimulus_o1_b3_c2_n1,stimulus_o2_b2_c2_n3,left,1,2,3,2,2,2,1,3,,0.8888549000002968
92,2021_Oct_29_1319,018,41,male,English,stimulus_o1_b1_c2_n2,stimulus_o2_b3_c3_n3,right,1,2,1,3,2,3,2,3,,0.8556470000003173
93,2021_Oct_29_1319,018,41,male,English,stimulus_o1_b1_c2_n2,stimulus_o2_b3_c1_n2,left,1,2,1,3,2,1,2,2,,0.6163005999987945
94,2021_Oct_29_1319,018,41,male,English,stimulus_o1_b2_c3_n3,stimulus_o1_b3_c2_n1,right,1,1,2,3,3,2,3,1,,1.3139106999988144
95,2021_Oct_29_1319,018,41,male,English,stimulus_o2_b2_c1_n1,stimulus_o2_b2_c1_n3,left,2,2,2,2,1,1,1,3,,0.7681611000007251
96,2021_Oct_29_1319,018,41,male,English,stimulus_o1_b1_c1_n2,stimulus_o1_b3_c1_n2,right,1,1,1,3,1,1,2,2,,1.0032713000000513
97,2021_Oct_29_1319,018,41,male,English,stimulus_o2_b2_c2_n3,stimulus_o2_b3_c2_n1,right,2,2,2,3,2,2,3,1,,0.8851188000007824
98,2021_Oct_29_1319,018,41,male,English,stimulus_o1_b1_c1_n2,stimulus_o1_b3_c2_n3,right,1,1,1,3,1,2,2,3,,0.9165530999998737
99,2021_Oct_29_1319,018,41,male,English,stimulus_o1_b2_c2_n2,stimulus_o2_b1_c2_n1,left,1,2,2,1,2,2,2,1,,1.0418438999986392
100,2021_Oct_29_1319,018,41,male,English,stimulus_o1_b2_c3_n3,stimulus_o2_b2_c1_n1,left,1,2,2,2,3,1,3,1,,0.9791140999986965
101,2021_Oct_29_1319,018,41,male,English,stimulus_o2_b3_c1_n2,stimulus_o2_b3_c2_n2,right,2,2,3,3,1,2,2,2,,0.6614867999996932
102,2021_Oct_29_1319,018,41,male,English,stimulus_o2_b2_c1_n3,stimulus_o2_b2_c3_n2,right,2,2,2,2,1,3,3,2,,0.7822138000010455
103,2021_Oct_29_1319,018,41,male,English,stimulus_o2_b1_c2_n1,stimulus_o2_b2_c3_n2,left,2,2,1,2,2,3,1,2,,1.3367771999983233
104,2021_Oct_29_1319,018,41,male,English,stimulus_o1_b2_c3_n2,stimulus_o1_b3_c3_n1,right,1,1,2,3,3,3,2,1,,1.2937735000014072
105,2021_Oct_29_1319,018,41,male,English,stimulus_o2_b1_c3_n1,stimulus_o2_b3_c1_n1,left,2,2,1,3,3,1,1,1,,0.7316038999997545
106,2021_Oct_29_1319,018,41,male,English,stimulus_o1_b3_c1_n1,stimulus_o2_b3_c2_n1,right,1,2,3,3,1,2,1,1,,1.1201611999968009
107,2021_Oct_29_1319,018,41,male,English,stimulus_o1_b1_c3_n3,stimulus_o1_b3_c2_n1,right,1,1,1,3,3,2,3,1,,1.0381353000011586
108,2021_Oct_29_1319,018,41,male,English,stimulus_o2_b1_c3_n1,stimulus_o2_b2_c1_n1,left,2,2,1,2,3,1,1,1,,0.8067915999999968
109,2021_Oct_29_1319,018,41,male,English,stimulus_o1_b2_c3_n2,stimulus_o2_b1_c2_n3,left,1,2,2,1,3,2,2,3,,0.9692488000000594
110,2021_Oct_29_1319,018,41,male,English,stimulus_o1_b1_c1_n1,stimulus_o2_b1_c2_n2,left,1,2,1,1,1,2,1,2,,0.7808491000032518
111,2021_Oct_29_1319,018,41,male,English,stimulus_o1_b2_c2_n2,stimulus_o2_b3_c1_n2,left,1,2,2,3,2,1,2,2,,0.9843129000000772
112,2021_Oct_29_1319,018,41,male,English,stimulus_o1_b2_c1_n2,stimulus_o2_b3_c2_n1,right,1,2,2,3,1,2,2,1,,1.0985473999971873
113,2021_Oct_29_1319,018,41,male,English,stimulus_o1_b1_c1_n3,stimulus_o1_b2_c3_n2,right,1,1,1,2,1,3,3,2,,0.9686351999989711
114,2021_Oct_29_1319,018,41,male,English,stimulus_o1_b3_c3_n1,stimulus_o2_b2_c1_n3,left,1,2,3,2,3,1,1,3,,0.7647823999977845
115,2021_Oct_29_1319,018,41,male,English,stimulus_o2_b1_c1_n2,stimulus_o2_b1_c2_n3,left,2,2,1,1,1,2,2,3,,0.944246099999873
116,2021_Oct_29_1319,018,41,male,English,stimulus_o1_b2_c3_n1,stimulus_o2_b2_c2_n3,left,1,2,2,2,3,2,1,3,,0.9567227000006824
117,2021_Oct_29_1319,018,41,male,English,stimulus_o2_b2_c2_n3,stimulus_o2_b2_c3_n2,right,2,2,2,2,2,3,3,2,,1.2168182999994315
118,2021_Oct_29_1319,018,41,male,English,stimulus_o1_b1_c2_n2,stimulus_o1_b3_c1_n2,left,1,1,1,3,2,1,2,2,,1.2816285000008065
119,2021_Oct_29_1319,018,41,male,English,stimulus_o2_b1_c1_n2,stimulus_o2_b1_c1_n3,left,2,2,1,1,1,1,2,3,,1.1607311999978265
120,2021_Oct_29_1319,018,41,male,English,stimulus_o1_b2_c2_n2,stimulus_o2_b2_c2_n2,right,1,2,2,2,2,2,2,2,,1.172382299999299
121,2021_Oct_29_1319,018,41,male,English,stimulus_o1_b3_c3_n2,stimulus_o2_b2_c1_n2,left,1,2,3,2,3,1,2,2,,0.8560127999990073
122,2021_Oct_29_1319,018,41,male,English,stimulus_o1_b1_c3_n1,stimulus_o1_b3_c1_n1,left,1,1,1,3,3,1,1,1,,0.7197595999969053
123,2021_Oct_29_1319,018,41,male,English,stimulus_o1_b1_c2_n3,stimulus_o1_b1_c3_n3,right,1,1,1,1,2,3,3,3,,0.8539677000007941
124,2021_Oct_29_1319,018,41,male,English,stimulus_o1_b3_c3_n1,stimulus_o2_b3_c2_n3,left,1,2,3,3,3,2,1,3,,0.7976439999983995
125,2021_Oct_29_1319,018,41,male,English,stimulus_o1_b1_c2_n2,stimulus_o1_b3_c2_n2,left,1,1,1,3,2,2,2,2,,1.848002800001268
126,2021_Oct_29_1319,018,41,male,English,stimulus_o1_b1_c1_n1,stimulus_o2_b1_c1_n3,left,1,2,1,1,1,1,1,3,,1.383121899998514
127,2021_Oct_29_1319,018,41,male,English,stimulus_o1_b3_c2_n1,stimulus_o1_b3_c3_n2,right,1,1,3,3,2,3,1,2,,1.1066337999982352
128,2021_Oct_29_1319,018,41,male,English,stimulus_o1_b1_c2_n1,stimulus_o2_b2_c2_n2,left,1,2,1,2,2,2,1,2,,1.152001599999494
129,2021_Oct_29_1319,018,41,male,English,stimulus_o1_b1_c3_n1,stimulus_o1_b3_c3_n1,right,1,1,1,3,3,3,1,1,,1.4366301000009116
130,2021_Oct_29_1319,018,41,male,English,stimulus_o1_b1_c3_n2,stimulus_o2_b2_c2_n1,right,1,2,1,2,3,2,2,1,,1.3567258000002766
131,2021_Oct_29_1319,018,41,male,English,stimulus_o1_b1_c3_n1,stimulus_o1_b2_c1_n3,left,1,1,1,2,3,1,1,3,,0.8651352999986557
132,2021_Oct_29_1319,018,41,male,English,stimulus_o1_b3_c3_n3,stimulus_o2_b1_c1_n2,left,1,2,3,1,3,1,3,2,,0.816256499998417
133,2021_Oct_29_1319,018,41,male,English,stimulus_o1_b1_c1_n1,stimulus_o2_b2_c1_n3,left,1,2,1,2,1,1,1,3,,1.0018750000017462
134,2021_Oct_29_1319,018,41,male,English,stimulus_o1_b2_c2_n2,stimulus_o2_b1_c1_n2,left,1,2,2,1,2,1,2,2,,0.9168952999971225
135,2021_Oct_29_1319,018,41,male,English,stimulus_o1_b3_c3_n2,stimulus_o2_b3_c1_n1,left,1,2,3,3,3,1,2,1,,1.050241199998709
136,2021_Oct_29_1319,018,41,male,English,stimulus_o1_b2_c2_n1,stimulus_o1_b3_c3_n3,right,1,1,2,3,2,3,1,3,,1.6022733999998309
137,2021_Oct_29_1319,018,41,male,English,stimulus_o2_b1_c1_n1,stimulus_o2_b2_c2_n1,right,2,2,1,2,1,2,1,1,,1.1881613000005018
138,2021_Oct_29_1319,018,41,male,English,stimulus_o1_b1_c3_n2,stimulus_o2_b3_c3_n1,left,1,2,1,3,3,3,2,1,,1.054627800000162
139,2021_Oct_29_1319,018,41,male,English,stimulus_o1_b2_c1_n2,stimulus_o1_b3_c1_n2,right,1,1,2,3,1,1,2,2,,1.183894000001601
140,2021_Oct_29_1319,018,41,male,English,stimulus_o1_b3_c3_n1,stimulus_o2_b3_c3_n3,left,1,2,3,3,3,3,1,3,,0.8459670000011101
141,2021_Oct_29_1319,018,41,male,English,stimulus_o1_b1_c3_n1,stimulus_o1_b2_c2_n2,left,1,1,1,2,3,2,1,2,,1.3736970999998448
142,2021_Oct_29_1319,018,41,male,English,stimulus_o2_b2_c1_n3,stimulus_o2_b3_c1_n1,right,2,2,2,3,1,1,3,1,,0.8413591999997152
143,2021_Oct_29_1319,018,41,male,English,stimulus_o1_b3_c1_n1,stimulus_o2_b1_c2_n2,right,1,2,3,1,1,2,1,2,,1.2260241000003589
144,2021_Oct_29_1319,018,41,male,English,stimulus_o1_b1_c3_n2,stimulus_o1_b2_c1_n1,left,1,1,1,2,3,1,2,1,,0.6990396000001056
145,2021_Oct_29_1319,018,41,male,English,stimulus_o1_b1_c2_n2,stimulus_o1_b3_c2_n1,right,1,1,1,3,2,2,2,1,,0.642239900000277
146,2021_Oct_29_1319,018,41,male,English,stimulus_o1_b1_c1_n1,stimulus_o1_b1_c2_n1,right,1,1,1,1,1,2,1,1,,0.7070464999997057
147,2021_Oct_29_1319,018,41,male,English,stimulus_o1_b2_c1_n3,stimulus_o2_b1_c1_n2,right,1,2,2,1,1,1,3,2,,0.8493706000008387
148,2021_Oct_29_1319,018,41,male,English,stimulus_o2_b1_c2_n3,stimulus_o2_b3_c2_n1,right,2,2,1,3,2,2,3,1,,0.8503522999999404
149,2021_Oct_29_1319,018,41,male,English,stimulus_o1_b1_c1_n3,stimulus_o2_b1_c2_n3,left,1,2,1,1,1,2,3,3,,0.8427039000016521
150,2021_Oct_29_1319,018,41,male,English,stimulus_o1_b2_c1_n1,stimulus_o1_b3_c1_n3,left,1,1,2,3,1,1,1,3,,1.5156266000012693
151,2021_Oct_29_1319,018,41,male,English,stimulus_o2_b1_c2_n1,stimulus_o2_b3_c3_n2,left,2,2,1,3,2,3,1,2,,1.5761036000003514
152,2021_Oct_29_1319,018,41,male,English,stimulus_o1_b1_c2_n1,stimulus_o2_b1_c1_n3,left,1,2,1,1,2,1,1,3,,0.9636792999990575
153,2021_Oct_29_1319,018,41,male,English,stimulus_o1_b1_c2_n2,stimulus_o2_b2_c3_n2,right,1,2,1,2,2,3,2,2,,1.382655800000066
154,2021_Oct_29_1319,018,41,male,English,stimulus_o1_b1_c3_n3,stimulus_o1_b2_c3_n1,right,1,1,1,2,3,3,3,1,,1.0094851000030758
155,2021_Oct_29_1319,018,41,male,English,stimulus_o2_b3_c1_n3,stimulus_o2_b3_c2_n3,left,2,2,3,3,1,2,3,3,,1.1399239000020316
156,2021_Oct_29_1319,018,41,male,English,stimulus_o1_b2_c2_n2,stimulus_o2_b1_c3_n3,left,1,2,2,1,2,3,2,3,,1.0405213000012736
157,2021_Oct_29_1319,018,41,male,English,stimulus_o1_b3_c2_n2,stimulus_o2_b2_c2_n2,right,1,2,3,2,2,2,2,2,,1.0097533999978623
158,2021_Oct_29_1319,018,41,male,English,stimulus_o1_b3_c3_n3,stimulus_o2_b1_c2_n1,left,1,2,3,1,3,2,3,1,,0.7638757999993686
159,2021_Oct_29_1319,018,41,male,English,stimulus_o1_b1_c1_n2,stimulus_o1_b1_c3_n2,right,1,1,1,1,1,3,2,2,,1.0234682000009343
160,2021_Oct_29_1319,018,41,male,English,stimulus_o1_b1_c1_n2,stimulus_o2_b1_c3_n2,left,1,2,1,1,1,3,2,2,,0.8408304999975371
161,2021_Oct_29_1319,018,41,male,English,stimulus_o2_b1_c2_n2,stimulus_o2_b3_c2_n2,left,2,2,1,3,2,2,2,2,,0.6904125999972166
162,2021_Oct_29_1319,018,41,male,English,stimulus_o1_b3_c1_n1,stimulus_o2_b1_c3_n1,right,1,2,3,1,1,3,1,1,,0.5373405999998795
163,2021_Oct_29_1319,018,41,male,English,stimulus_o1_b2_c2_n3,stimulus_o2_b3_c3_n3,right,1,2,2,3,2,3,3,3,,0.8621437000001606
164,2021_Oct_29_1319,018,41,male,English,stimulus_o1_b1_c2_n1,stimulus_o2_b2_c3_n1,left,1,2,1,2,2,3,1,1,,0.6299486999996589
165,2021_Oct_29_1319,018,41,male,English,stimulus_o2_b1_c3_n1,stimulus_o2_b2_c3_n3,left,2,2,1,2,3,3,1,3,,0.7115654999979597
166,2021_Oct_29_1319,018,41,male,English,stimulus_o1_b1_c2_n2,stimulus_o2_b1_c1_n1,left,1,2,1,1,2,1,2,1,,0.8767972999994527
167,2021_Oct_29_1319,018,41,male,English,stimulus_o1_b1_c3_n1,stimulus_o1_b3_c2_n2,right,1,1,1,3,3,2,1,2,,0.8042405000014696
168,2021_Oct_29_1319,018,41,male,English,stimulus_o2_b1_c2_n1,stimulus_o2_b3_c1_n2,left,2,2,1,3,2,1,1,2,,0.7090185999986716
169,2021_Oct_29_1319,018,41,male,English,stimulus_o1_b3_c2_n3,stimulus_o2_b2_c2_n1,left,1,2,3,2,2,2,3,1,,0.7246947999992699
170,2021_Oct_29_1319,018,41,male,English,stimulus_o1_b2_c2_n3,stimulus_o2_b2_c2_n1,right,1,2,2,2,2,2,3,1,,0.9532022999992478
171,2021_Oct_29_1319,018,41,male,English,stimulus_o1_b3_c2_n2,stimulus_o2_b1_c2_n2,right,1,2,3,1,2,2,2,2,,0.7980066999989504
172,2021_Oct_29_1319,018,41,male,English,stimulus_o1_b3_c1_n2,stimulus_o2_b1_c3_n1,left,1,2,3,1,1,3,2,1,,0.7603032999977586
173,2021_Oct_29_1319,018,41,male,English,stimulus_o1_b2_c2_n2,stimulus_o2_b1_c3_n1,right,1,2,2,1,2,3,2,1,,0.8848834999989776
174,2021_Oct_29_1319,018,41,male,English,stimulus_o1_b1_c3_n2,stimulus_o1_b2_c2_n2,left,1,1,1,2,3,2,2,2,,0.7555591999989701
175,2021_Oct_29_1319,018,41,male,English,stimulus_o2_b2_c1_n3,stimulus_o2_b3_c3_n2,left,2,2,2,3,1,3,3,2,,0.9442230999993626
176,2021_Oct_29_1319,018,41,male,English,stimulus_o1_b1_c2_n3,stimulus_o2_b3_c2_n3,right,1,2,1,3,2,2,3,3,,0.9801471999999194
177,2021_Oct_29_1319,018,41,male,English,stimulus_o1_b1_c2_n1,stimulus_o1_b2_c1_n2,left,1,1,1,2,2,1,1,2,,0.7109987999974692
178,2021_Oct_29_1319,018,41,male,English,stimulus_o1_b2_c1_n3,stimulus_o1_b2_c3_n3,right,1,1,2,2,1,3,3,3,,0.6523439000011422
179,2021_Oct_29_1319,018,41,male,English,stimulus_o1_b2_c2_n2,stimulus_o1_b3_c2_n2,left,1,1,2,3,2,2,2,2,,0.6049409999977797
180,2021_Oct_29_1319,018,41,male,English,stimulus_o1_b1_c1_n1,stimulus_o1_b3_c2_n1,right,1,1,1,3,1,2,1,1,,0.5272325000005367
181,2021_Oct_29_1319,018,41,male,English,stimulus_o1_b3_c3_n2,stimulus_o2_b3_c1_n2,left,1,2,3,3,3,1,2,2,,0.564701100000093
182,2021_Oct_29_1319,018,41,male,English,stimulus_o1_b1_c2_n1,stimulus_o1_b2_c1_n3,left,1,1,1,2,2,1,1,3,,0.7287947999975586
183,2021_Oct_29_1319,018,41,male,English,stimulus_o1_b1_c3_n3,stimulus_o2_b2_c1_n3,right,1,2,1,2,3,1,3,3,,0.6859108999997261
184,2021_Oct_29_1319,018,41,male,English,stimulus_o2_b1_c2_n2,stimulus_o2_b3_c3_n2,right,2,2,1,3,2,3,2,2,,1.1489244000003964
185,2021_Oct_29_1319,018,41,male,English,stimulus_o1_b1_c1_n2,stimulus_o1_b2_c1_n3,left,1,1,1,2,1,1,2,3,,0.46410499999910826
186,2021_Oct_29_1319,018,41,male,English,stimulus_o1_b1_c2_n1,stimulus_o1_b2_c2_n3,left,1,1,1,2,2,2,1,3,,0.9056506999986595
187,2021_Oct_29_1319,018,41,male,English,stimulus_o1_b3_c1_n3,stimulus_o2_b2_c2_n2,right,1,2,3,2,1,2,3,2,,0.8947910999995656
188,2021_Oct_29_1319,018,41,male,English,stimulus_o1_b1_c3_n3,stimulus_o2_b2_c3_n2,left,1,2,1,2,3,3,3,2,,0.38230939999994007
189,2021_Oct_29_1319,018,41,male,English,stimulus_o1_b3_c2_n3,stimulus_o2_b2_c3_n2,right,1,2,3,2,2,3,3,2,,0.449479999999312
190,2021_Oct_29_1319,018,41,male,English,stimulus_o1_b3_c1_n2,stimulus_o2_b2_c1_n1,left,1,2,3,2,1,1,2,1,,0.6655415000022913
191,2021_Oct_29_1319,018,41,male,English,stimulus_o1_b2_c2_n1,stimulus_o2_b2_c1_n1,left,1,2,2,2,2,1,1,1,,0.6740554999996675
192,2021_Oct_29_1319,018,41,male,English,stimulus_o2_b1_c2_n1,stimulus_o2_b1_c2_n2,left,2,2,1,1,2,2,1,2,,0.9216765999990457
193,2021_Oct_29_1319,018,41,male,English,stimulus_o1_b2_c1_n2,stimulus_o2_b1_c3_n3,right,1,2,2,1,1,3,2,3,,0.806586900002003
194,2021_Oct_29_1319,018,41,male,English,stimulus_o1_b1_c2_n2,stimulus_o1_b3_c3_n1,left,1,1,1,3,2,3,2,1,,0.7134216000013112
195,2021_Oct_29_1319,018,41,male,English,stimulus_o2_b1_c3_n3,stimulus_o2_b2_c3_n1,right,2,2,1,2,3,3,3,1,,0.7355859000017517
196,2021_Oct_29_1319,018,41,male,English,stimulus_o1_b2_c2_n1,stimulus_o2_b3_c2_n2,left,1,2,2,3,2,2,1,2,,0.6687249999995402
197,2021_Oct_29_1319,018,41,male,English,stimulus_o1_b1_c2_n3,stimulus_o1_b2_c3_n1,right,1,1,1,2,2,3,3,1,,0.6759801999978663
198,2021_Oct_29_1319,018,41,male,English,stimulus_o1_b1_c1_n2,stimulus_o2_b2_c2_n1,left,1,2,1,2,1,2,2,1,,0.828259199999593
199,2021_Oct_29_1319,018,41,male,English,stimulus_o1_b3_c1_n2,stimulus_o1_b3_c2_n1,right,1,1,3,3,1,2,2,1,,0.61332720000064
200,2021_Oct_29_1319,018,41,male,English,stimulus_o1_b2_c1_n2,stimulus_o2_b2_c3_n1,right,1,2,2,2,1,3,2,1,,0.9113663999996788
201,2021_Oct_29_1319,018,41,male,English,stimulus_o1_b2_c3_n1,stimulus_o2_b1_c1_n2,left,1,2,2,1,3,1,1,2,,0.6370609000005061
202,2021_Oct_29_1319,018,41,male,English,stimulus_o1_b1_c2_n2,stimulus_o1_b2_c2_n2,right,1,1,1,2,2,2,2,2,,0.8462236000013945
203,2021_Oct_29_1319,018,41,male,English,stimulus_o1_b1_c1_n2,stimulus_o1_b2_c2_n3,right,1,1,1,2,1,2,2,3,,0.7182459000032395
204,2021_Oct_29_1319,018,41,male,English,stimulus_o1_b2_c1_n3,stimulus_o2_b1_c2_n3,left,1,2,2,1,1,2,3,3,,0.8923809999978403
205,2021_Oct_29_1319,018,41,male,English,stimulus_o1_b1_c3_n1,stimulus_o1_b1_c3_n2,left,1,1,1,1,3,3,1,2,,1.0268141999986256
206,2021_Oct_29_1319,018,41,male,English,stimulus_o1_b1_c2_n3,stimulus_o2_b3_c1_n3,right,1,2,1,3,2,1,3,3,,0.7559266999996908
207,2021_Oct_29_1319,018,41,male,English,stimulus_o2_b2_c2_n1,stimulus_o2_b3_c1_n1,left,2,2,2,3,2,1,1,1,,0.6644966000021668
208,2021_Oct_29_1319,018,41,male,English,stimulus_o1_b2_c3_n1,stimulus_o1_b3_c1_n3,left,1,1,2,3,3,1,1,3,,0.5676321999999345
209,2021_Oct_29_1319,018,41,male,English,stimulus_o2_b1_c1_n3,stimulus_o2_b3_c1_n3,left,2,2,1,3,1,1,3,3,,1.4399258000012196
210,2021_Oct_29_1319,018,41,male,English,stimulus_o1_b2_c3_n1,stimulus_o2_b3_c3_n2,left,1,2,2,3,3,3,1,2,,0.8588627999997698
211,2021_Oct_29_1319,018,41,male,English,stimulus_o2_b1_c1_n1,stimulus_o2_b1_c3_n1,right,2,2,1,1,1,3,1,1,,2.1716553999976895
212,2021_Oct_29_1319,018,41,male,English,stimulus_o1_b2_c1_n1,stimulus_o1_b2_c2_n1,right,1,1,2,2,1,2,1,1,,0.9655079000003752
213,2021_Oct_29_1319,018,41,male,English,stimulus_o1_b1_c1_n2,stimulus_o2_b1_c2_n2,left,1,2,1,1,1,2,2,2,,0.7936277000007976
214,2021_Oct_29_1319,018,41,male,English,stimulus_o1_b2_c2_n1,stimulus_o2_b2_c2_n1,left,1,2,2,2,2,2,1,1,,0.660737700000027
215,2021_Oct_29_1319,018,41,male,English,stimulus_o1_b1_c1_n3,stimulus_o2_b1_c3_n1,right,1,2,1,1,1,3,3,1,,0.5315517999988515
216,2021_Oct_29_1319,018,41,male,English,stimulus_o1_b2_c2_n3,stimulus_o2_b2_c3_n1,right,1,2,2,2,2,3,3,1,,0.8736384000003454
217,2021_Oct_29_1319,018,41,male,English,stimulus_o1_b1_c1_n2,stimulus_o2_b1_c1_n2,left,1,2,1,1,1,1,2,2,,0.6093034000004991
218,2021_Oct_29_1319,018,41,male,English,stimulus_o1_b2_c1_n2,stimulus_o1_b3_c3_n1,right,1,1,2,3,1,3,2,1,,0.5718949000001885
219,2021_Oct_29_1319,018,41,male,English,stimulus_o1_b1_c3_n2,stimulus_o2_b2_c2_n3,left,1,2,1,2,3,2,2,3,,0.6242655999994895
220,2021_Oct_29_1319,018,41,male,English,stimulus_o1_b2_c3_n3,stimulus_o2_b3_c3_n3,left,1,2,2,3,3,3,3,3,,0.745474400002422
221,2021_Oct_29_1319,018,41,male,English,stimulus_o2_b2_c3_n2,stimulus_o2_b3_c3_n3,left,2,2,2,3,3,3,2,3,,0.8501428999989002
222,2021_Oct_29_1319,018,41,male,English,stimulus_o1_b3_c1_n1,stimulus_o2_b1_c1_n2,left,1,2,3,1,1,1,1,2,,0.925107899998693
223,2021_Oct_29_1319,018,41,male,English,stimulus_o1_b1_c2_n3,stimulus_o2_b3_c2_n2,right,1,2,1,3,2,2,3,2,,0.7291407999982766
224,2021_Oct_29_1319,018,41,male,English,stimulus_o2_b2_c1_n1,stimulus_o2_b3_c3_n1,right,2,2,2,3,1,3,1,1,,1.0237930000002962
225,2021_Oct_29_1319,018,41,male,English,stimulus_o1_b2_c1_n3,stimulus_o2_b3_c1_n3,left,1,2,2,3,1,1,3,3,,1.3129431999986991
226,2021_Oct_29_1319,018,41,male,English,stimulus_o2_b1_c3_n1,stimulus_o2_b2_c1_n2,left,2,2,1,2,3,1,1,2,,0.8069866000005277
227,2021_Oct_29_1319,018,41,male,English,stimulus_o1_b3_c3_n2,stimulus_o2_b3_c3_n3,left,1,2,3,3,3,3,2,3,,0.6490204999972775
228,2021_Oct_29_1319,018,41,male,English,stimulus_o2_b1_c3_n1,stimulus_o2_b1_c3_n3,left,2,2,1,1,3,3,1,3,,0.7693107999984932
229,2021_Oct_29_1319,018,41,male,English,stimulus_o1_b3_c3_n3,stimulus_o2_b2_c2_n1,right,1,2,3,2,3,2,3,1,,1.157273400000122
230,2021_Oct_29_1319,018,41,male,English,stimulus_o1_b1_c1_n3,stimulus_o1_b1_c2_n3,right,1,1,1,1,1,2,3,3,,0.6253715999991982
231,2021_Oct_29_1319,018,41,male,English,stimulus_o2_b1_c1_n3,stimulus_o2_b1_c2_n1,right,2,2,1,1,1,2,3,1,,1.553587599999446
232,2021_Oct_29_1319,018,41,male,English,stimulus_o1_b1_c2_n1,stimulus_o2_b3_c3_n1,left,1,2,1,3,2,3,1,1,,0.6384817999969528
233,2021_Oct_29_1319,018,41,male,English,stimulus_o1_b1_c2_n1,stimulus_o2_b3_c2_n1,left,1,2,1,3,2,2,1,1,,0.9116121000006387
234,2021_Oct_29_1319,018,41,male,English,stimulus_o1_b2_c1_n2,stimulus_o1_b2_c1_n3,right,1,1,2,2,1,1,2,3,,0.7015406999998959
235,2021_Oct_29_1319,018,41,male,English,stimulus_o2_b1_c2_n2,stimulus_o2_b2_c1_n2,left,2,2,1,2,2,1,2,2,,0.7478805999999167
236,2021_Oct_29_1319,018,41,male,English,stimulus_o1_b3_c3_n2,stimulus_o2_b1_c2_n3,left,1,2,3,1,3,2,2,3,,0.6808634000008169
237,2021_Oct_29_1319,018,41,male,English,stimulus_o1_b2_c1_n2,stimulus_o2_b3_c3_n2,left,1,2,2,3,1,3,2,2,,1.054851699998835
238,2021_Oct_29_1319,018,41,male,English,stimulus_o1_b1_c2_n2,stimulus_o2_b1_c3_n2,left,1,2,1,1,2,3,2,2,,0.8149331000022357
239,2021_Oct_29_1319,018,41,male,English,stimulus_o1_b1_c3_n1,stimulus_o2_b1_c1_n3,left,1,2,1,1,3,1,1,3,,0.8257150999997975
240,2021_Oct_29_1319,018,41,male,English,stimulus_o2_b3_c2_n1,stimulus_o2_b3_c3_n1,right,2,2,3,3,2,3,1,1,,1.035365699997783
241,2021_Oct_29_1319,018,41,male,English,stimulus_o1_b3_c2_n2,stimulus_o2_b2_c1_n1,left,1,2,3,2,2,1,2,1,,0.7404440999998769
242,2021_Oct_29_1319,018,41,male,English,stimulus_o1_b2_c3_n1,stimulus_o1_b3_c1_n2,left,1,1,2,3,3,1,1,2,,0.8329862000027788
243,2021_Oct_29_1319,018,41,male,English,stimulus_o1_b3_c2_n3,stimulus_o2_b3_c2_n1,right,1,2,3,3,2,2,3,1,,0.8973694000014802
244,2021_Oct_29_1319,018,41,male,English,stimulus_o1_b1_c3_n2,stimulus_o2_b1_c1_n3,left,1,2,1,1,3,1,2,3,,0.8078504999975848
245,2021_Oct_29_1319,018,41,male,English,stimulus_o1_b1_c1_n2,stimulus_o2_b3_c2_n2,left,1,2,1,3,1,2,2,2,,0.7311163999984274
246,2021_Oct_29_1319,018,41,male,English,stimulus_o1_b1_c1_n2,stimulus_o2_b3_c3_n3,left,1,2,1,3,1,3,2,3,,1.2074700000011944
247,2021_Oct_29_1319,018,41,male,English,stimulus_o2_b1_c1_n3,stimulus_o2_b2_c3_n2,right,2,2,1,2,1,3,3,2,,0.642336000000796
248,2021_Oct_29_1319,018,41,male,English,stimulus_o2_b1_c1_n2,stimulus_o2_b3_c2_n3,left,2,2,1,3,1,2,2,3,,0.9152155999981915
249,2021_Oct_29_1319,018,41,male,English,stimulus_o1_b1_c1_n2,stimulus_o1_b3_c1_n3,left,1,1,1,3,1,1,2,3,,0.7770449000017834
250,2021_Oct_29_1319,018,41,male,English,stimulus_o2_b2_c1_n1,stimulus_o2_b3_c2_n2,left,2,2,2,3,1,2,1,2,,0.8598842999999761
251,2021_Oct_29_1319,018,41,male,English,stimulus_o1_b1_c2_n3,stimulus_o1_b3_c1_n2,right,1,1,1,3,2,1,3,2,,0.7156744999992952
252,2021_Oct_29_1319,018,41,male,English,stimulus_o1_b2_c3_n3,stimulus_o2_b3_c2_n3,left,1,2,2,3,3,2,3,3,,0.8180391999994754
253,2021_Oct_29_1319,018,41,male,English,stimulus_o1_b1_c3_n1,stimulus_o2_b3_c3_n3,left,1,2,1,3,3,3,1,3,,1.0510803000033775
254,2021_Oct_29_1319,018,41,male,English,stimulus_o1_b3_c2_n3,stimulus_o2_b1_c2_n3,right,1,2,3,1,2,2,3,3,,0.8430762999996659
255,2021_Oct_29_1319,018,41,male,English,stimulus_o1_b2_c2_n3,stimulus_o2_b3_c1_n2,right,1,2,2,3,2,1,3,2,,0.8915158999989217
256,2021_Oct_29_1319,018,41,male,English,stimulus_o1_b2_c3_n3,stimulus_o1_b3_c2_n3,left,1,1,2,3,3,2,3,3,,1.2428829000018595
257,2021_Oct_29_1319,018,41,male,English,stimulus_o1_b2_c3_n2,stimulus_o2_b3_c1_n3,left,1,2,2,3,3,1,2,3,,0.6516585999997915
258,2021_Oct_29_1319,018,41,male,English,stimulus_o1_b3_c3_n1,stimulus_o2_b2_c2_n2,left,1,2,3,2,3,2,1,2,,0.6841021999971417
259,2021_Oct_29_1319,018,41,male,English,stimulus_o1_b1_c2_n2,stimulus_o1_b2_c2_n1,left,1,1,1,2,2,2,2,1,,0.77950310000233
260,2021_Oct_29_1319,018,41,male,English,stimulus_o1_b3_c3_n2,stimulus_o2_b2_c2_n1,left,1,2,3,2,3,2,2,1,,0.7027295000007143
261,2021_Oct_29_1319,018,41,male,English,stimulus_o2_b2_c1_n2,stimulus_o2_b3_c1_n1,left,2,2,2,3,1,1,2,1,,1.181063300002279
262,2021_Oct_29_1319,018,41,male,English,stimulus_o1_b1_c2_n2,stimulus_o2_b2_c1_n3,left,1,2,1,2,2,1,2,3,,0.6956324000020686
263,2021_Oct_29_1319,018,41,male,English,stimulus_o1_b2_c2_n3,stimulus_o1_b3_c2_n2,right,1,1,2,3,2,2,3,2,,0.702313800000411
264,2021_Oct_29_1319,018,41,male,English,stimulus_o1_b1_c1_n1,stimulus_o2_b3_c3_n1,right,1,2,1,3,1,3,1,1,,0.8846374000022479
265,2021_Oct_29_1319,018,41,male,English,stimulus_o1_b3_c2_n3,stimulus_o2_b3_c2_n2,left,1,2,3,3,2,2,3,2,,0.7633681000006618
266,2021_Oct_29_1319,018,41,male,English,stimulus_o1_b2_c2_n2,stimulus_o2_b2_c3_n2,left,1,2,2,2,2,3,2,2,,0.9905371999993804
267,2021_Oct_29_1319,018,41,male,English,stimulus_o1_b1_c1_n1,stimulus_o2_b2_c2_n1,right,1,2,1,2,1,2,1,1,,0.9461362000001827
268,2021_Oct_29_1319,018,41,male,English,stimulus_o1_b3_c1_n2,stimulus_o2_b1_c2_n3,left,1,2,3,1,1,2,2,3,,0.9571722000000591
269,2021_Oct_29_1319,018,41,male,English,stimulus_o1_b1_c3_n3,stimulus_o2_b3_c1_n3,left,1,2,1,3,3,1,3,3,,0.7302955999984988
270,2021_Oct_29_1319,018,41,male,English,stimulus_o1_b2_c1_n2,stimulus_o2_b1_c2_n1,right,1,2,2,1,1,2,2,1,,0.9201371000017389
271,2021_Oct_29_1319,018,41,male,English,stimulus_o1_b1_c1_n2,stimulus_o2_b3_c1_n3,left,1,2,1,3,1,1,2,3,,0.6853134000011778
272,2021_Oct_29_1319,018,41,male,English,stimulus_o2_b1_c1_n2,stimulus_o2_b3_c3_n2,right,2,2,1,3,1,3,2,2,,0.7969045999998343
273,2021_Oct_29_1319,018,41,male,English,stimulus_o1_b2_c2_n1,stimulus_o1_b2_c2_n2,left,1,1,2,2,2,2,1,2,,0.6301839999978256
274,2021_Oct_29_1319,018,41,male,English,stimulus_o1_b1_c1_n1,stimulus_o1_b3_c1_n2,left,1,1,1,3,1,1,1,2,,0.6883329999982379
275,2021_Oct_29_1319,018,41,male,English,stimulus_o1_b1_c2_n2,stimulus_o1_b2_c1_n2,right,1,1,1,2,2,1,2,2,,0.7580849000005401
276,2021_Oct_29_1319,018,41,male,English,stimulus_o1_b2_c2_n1,stimulus_o2_b1_c3_n2,left,1,2,2,1,2,3,1,2,,0.6117367000006197
277,2021_Oct_29_1319,018,41,male,English,stimulus_o1_b1_c3_n2,stimulus_o1_b3_c2_n1,right,1,1,1,3,3,2,2,1,,0.7256037000006472
278,2021_Oct_29_1319,018,41,male,English,stimulus_o2_b3_c1_n2,stimulus_o2_b3_c3_n2,left,2,2,3,3,1,3,2,2,,0.746922900001664
279,2021_Oct_29_1319,018,41,male,English,stimulus_o1_b3_c1_n1,stimulus_o2_b1_c1_n1,left,1,2,3,1,1,1,1,1,,0.7684350999988965
280,2021_Oct_29_1319,018,41,male,English,stimulus_o2_b1_c1_n2,stimulus_o2_b3_c3_n1,right,2,2,1,3,1,3,2,1,,0.9953418999975838
281,2021_Oct_29_1319,018,41,male,English,stimulus_o1_b1_c3_n3,stimulus_o2_b3_c3_n3,right,1,2,1,3,3,3,3,3,,0.8619693000000552
282,2021_Oct_29_1319,018,41,male,English,stimulus_o2_b2_c1_n3,stimulus_o2_b3_c1_n2,right,2,2,2,3,1,1,3,2,,1.045848499998101
283,2021_Oct_29_1319,018,41,male,English,stimulus_o1_b1_c2_n2,stimulus_o1_b2_c3_n2,left,1,1,1,2,2,3,2,2,,0.7179423999987193
284,2021_Oct_29_1319,018,41,male,English,stimulus_o1_b3_c1_n2,stimulus_o1_b3_c3_n1,left,1,1,3,3,1,3,2,1,,0.7068408999984968
285,2021_Oct_29_1319,018,41,male,English,stimulus_o2_b2_c1_n2,stimulus_o2_b2_c3_n3,right,2,2,2,2,1,3,2,3,,1.026060600001074
286,2021_Oct_29_1319,018,41,male,English,stimulus_o1_b2_c1_n3,stimulus_o1_b3_c1_n2,left,1,1,2,3,1,1,3,2,,1.0115250999988348
287,2021_Oct_29_1319,018,41,male,English,stimulus_o1_b2_c1_n2,stimulus_o1_b3_c1_n3,left,1,1,2,3,1,1,2,3,,1.132695699998294
288,2021_Oct_29_1319,018,41,male,English,stimulus_o1_b1_c3_n1,stimulus_o2_b1_c1_n1,left,1,2,1,1,3,1,1,1,,0.8735004999980447
289,2021_Oct_29_1319,018,41,male,English,stimulus_o1_b2_c3_n1,stimulus_o2_b2_c1_n1,left,1,2,2,2,3,1,1,1,,2.2093556999971042
290,2021_Oct_29_1319,018,41,male,English,stimulus_o1_b3_c3_n3,stimulus_o2_b1_c3_n2,left,1,2,3,1,3,3,3,2,,1.4747910999976739
291,2021_Oct_29_1319,018,41,male,English,stimulus_o1_b1_c2_n3,stimulus_o2_b1_c2_n3,right,1,2,1,1,2,2,3,3,,0.8652217999988352
292,2021_Oct_29_1319,018,41,male,English,stimulus_o2_b1_c3_n3,stimulus_o2_b3_c1_n2,left,2,2,1,3,3,1,3,2,,0.5932520999995177
293,2021_Oct_29_1319,018,41,male,English,stimulus_o1_b1_c1_n1,stimulus_o1_b3_c1_n3,right,1,1,1,3,1,1,1,3,,0.41963380000015604
294,2021_Oct_29_1319,018,41,male,English,stimulus_o1_b1_c3_n3,stimulus_o2_b3_c3_n2,left,1,2,1,3,3,3,3,2,,0.28617490000033285
295,2021_Oct_29_1319,018,41,male,English,stimulus_o2_b2_c3_n3,stimulus_o2_b3_c3_n3,right,2,2,2,3,3,3,3,3,,0.9574714000009408
296,2021_Oct_29_1319,018,41,male,English,stimulus_o2_b1_c1_n1,stimulus_o2_b3_c1_n2,left,2,2,1,3,1,1,1,2,,0.7540433000031044
297,2021_Oct_29_1319,018,41,male,English,stimulus_o1_b3_c1_n3,stimulus_o1_b3_c3_n3,right,1,1,3,3,1,3,3,3,,0.7982386000003316
298,2021_Oct_29_1319,018,41,male,English,stimulus_o1_b3_c2_n3,stimulus_o2_b2_c2_n3,left,1,2,3,2,2,2,3,3,,0.42428260000087903
299,2021_Oct_29_1319,018,41,male,English,stimulus_o1_b2_c2_n2,stimulus_o1_b2_c2_n3,left,1,1,2,2,2,2,2,3,,0.8901786000024003
300,2021_Oct_29_1319,018,41,male,English,stimulus_o2_b1_c3_n2,stimulus_o2_b2_c3_n2,right,2,2,1,2,3,3,2,2,,0.6978004999982659
301,2021_Oct_29_1319,018,41,male,English,stimulus_o2_b1_c1_n3,stimulus_o2_b2_c1_n2,left,2,2,1,2,1,1,3,2,,0.7041273000031651
302,2021_Oct_29_1319,018,41,male,English,stimulus_o1_b3_c2_n1,stimulus_o2_b3_c2_n3,left,1,2,3,3,2,2,1,3,,0.798518999999942
303,2021_Oct_29_1319,018,41,male,English,stimulus_o1_b1_c2_n1,stimulus_o2_b1_c1_n2,left,1,2,1,1,2,1,1,2,,0.8804143999986991
304,2021_Oct_29_1319,018,41,male,English,stimulus_o1_b2_c3_n3,stimulus_o2_b1_c3_n3,left,1,2,2,1,3,3,3,3,,0.9434216000008746
305,2021_Oct_29_1319,018,41,male,English,stimulus_o1_b2_c3_n2,stimulus_o2_b3_c2_n3,left,1,2,2,3,3,2,2,3,,0.7722190999993472
306,2021_Oct_29_1319,018,41,male,English,stimulus_o1_b3_c1_n3,stimulus_o2_b2_c3_n1,left,1,2,3,2,1,3,3,1,,0.9432353000011062
307,2021_Oct_29_1319,018,41,male,English,stimulus_o1_b3_c3_n3,stimulus_o2_b1_c3_n3,left,1,2,3,1,3,3,3,3,,0.6762732999995933
308,2021_Oct_29_1319,018,41,male,English,stimulus_o1_b3_c3_n3,stimulus_o2_b3_c1_n3,left,1,2,3,3,3,1,3,3,,0.8113153999984206
309,2021_Oct_29_1319,018,41,male,English,stimulus_o2_b3_c3_n2,stimulus_o2_b3_c3_n3,left,2,2,3,3,3,3,2,3,,0.8607817999982217
310,2021_Oct_29_1319,018,41,male,English,stimulus_o1_b2_c3_n3,stimulus_o2_b3_c2_n1,left,1,2,2,3,3,2,3,1,,0.6371663000027183
311,2021_Oct_29_1319,018,41,male,English,stimulus_o1_b3_c2_n1,stimulus_o2_b1_c2_n1,left,1,2,3,1,2,2,1,1,,0.9422172000013234
312,2021_Oct_29_1319,018,41,male,English,stimulus_o1_b3_c1_n3,stimulus_o1_b3_c3_n1,right,1,1,3,3,1,3,3,1,,0.7150924999987183
313,2021_Oct_29_1319,018,41,male,English,stimulus_o1_b2_c1_n2,stimulus_o2_b1_c1_n1,right,1,2,2,1,1,1,2,1,,0.7135138000012375
314,2021_Oct_29_1319,018,41,male,English,stimulus_o1_b3_c2_n1,stimulus_o2_b1_c1_n1,right,1,2,3,1,2,1,1,1,,0.7340502000006381
315,2021_Oct_29_1319,018,41,male,English,stimulus_o2_b2_c3_n2,stimulus_o2_b3_c2_n1,right,2,2,2,3,3,2,2,1,,0.8518972000019858
316,2021_Oct_29_1319,018,41,male,English,stimulus_o1_b1_c1_n1,stimulus_o1_b2_c1_n2,left,1,1,1,2,1,1,1,2,,0.5805568000032508
317,2021_Oct_29_1319,018,41,male,English,stimulus_o2_b2_c1_n2,stimulus_o2_b3_c3_n3,right,2,2,2,3,1,3,2,3,,0.4958093999994162
318,2021_Oct_29_1319,018,41,male,English,stimulus_o1_b1_c2_n1,stimulus_o2_b3_c1_n2,left,1,2,1,3,2,1,1,2,,0.48642389999804436
319,2021_Oct_29_1319,018,41,male,English,stimulus_o2_b1_c3_n2,stimulus_o2_b3_c1_n2,left,2,2,1,3,3,1,2,2,,0.7173909999983152
320,2021_Oct_29_1319,018,41,male,English,stimulus_o1_b2_c1_n3,stimulus_o2_b3_c3_n3,left,1,2,2,3,1,3,3,3,,0.6356267999981355
321,2021_Oct_29_1319,018,41,male,English,stimulus_o2_b2_c2_n2,stimulus_o2_b3_c3_n3,left,2,2,2,3,2,3,2,3,,0.8607942999988154
322,2021_Oct_29_1319,018,41,male,English,stimulus_o1_b2_c3_n1,stimulus_o2_b1_c2_n1,left,1,2,2,1,3,2,1,1,,0.7554095000014058
323,2021_Oct_29_1319,018,41,male,English,stimulus_o1_b2_c2_n3,stimulus_o2_b1_c3_n2,right,1,2,2,1,2,3,3,2,,1.0808696000021882
324,2021_Oct_29_1319,018,41,male,English,stimulus_o2_b2_c2_n2,stimulus_o2_b2_c3_n1,right,2,2,2,2,2,3,2,1,,0.951488500002597
325,2021_Oct_29_1319,018,41,male,English,stimulus_o1_b1_c3_n3,stimulus_o2_b1_c2_n2,right,1,2,1,1,3,2,3,2,,0.9394384000006539
326,2021_Oct_29_1319,018,41,male,English,stimulus_o1_b3_c3_n2,stimulus_o2_b3_c2_n1,left,1,2,3,3,3,2,2,1,,0.6564539999999397
327,2021_Oct_29_1319,018,41,male,English,stimulus_o1_b1_c3_n2,stimulus_o2_b1_c3_n3,left,1,2,1,1,3,3,2,3,,0.8006641000029049
328,2021_Oct_29_1319,018,41,male,English,stimulus_o2_b1_c1_n1,stimulus_o2_b1_c1_n3,right,2,2,1,1,1,1,1,3,,0.5952595000017027
329,2021_Oct_29_1319,018,41,male,English,stimulus_o2_b2_c1_n3,stimulus_o2_b2_c2_n3,right,2,2,2,2,1,2,3,3,,0.8695289999996021
330,2021_Oct_29_1319,018,41,male,English,stimulus_o2_b2_c2_n2,stimulus_o2_b3_c3_n1,left,2,2,2,3,2,3,2,1,,0.8057489000020723
331,2021_Oct_29_1319,018,41,male,English,stimulus_o1_b2_c1_n2,stimulus_o2_b3_c3_n1,right,1,2,2,3,1,3,2,1,,1.176420899999357
332,2021_Oct_29_1319,018,41,male,English,stimulus_o1_b1_c1_n3,stimulus_o1_b1_c2_n2,right,1,1,1,1,1,2,3,2,,1.0749977000014042
333,2021_Oct_29_1319,018,41,male,English,stimulus_o1_b2_c1_n1,stimulus_o2_b2_c2_n3,left,1,2,2,2,1,2,1,3,,0.6911895999983244
334,2021_Oct_29_1319,018,41,male,English,stimulus_o1_b2_c3_n2,stimulus_o2_b1_c3_n1,right,1,2,2,1,3,3,2,1,,0.3855285999998159
335,2021_Oct_29_1319,018,41,male,English,stimulus_o1_b2_c2_n2,stimulus_o2_b3_c1_n1,left,1,2,2,3,2,1,2,1,,0.3658367999996699
336,2021_Oct_29_1319,018,41,male,English,stimulus_o1_b1_c1_n1,stimulus_o1_b2_c2_n3,right,1,1,1,2,1,2,1,3,,0.37767299999904935
337,2021_Oct_29_1319,018,41,male,English,stimulus_o1_b1_c1_n2,stimulus_o1_b1_c3_n3,left,1,1,1,1,1,3,2,3,,0.6770746000001964
338,2021_Oct_29_1319,018,41,male,English,stimulus_o1_b3_c2_n2,stimulus_o2_b2_c1_n2,left,1,2,3,2,2,1,2,2,,0.7964084000013827
339,2021_Oct_29_1319,018,41,male,English,stimulus_o1_b2_c1_n2,stimulus_o1_b3_c2_n2,right,1,1,2,3,1,2,2,2,,1.022870900000271
340,2021_Oct_29_1319,018,41,male,English,stimulus_o1_b2_c2_n1,stimulus_o2_b2_c3_n1,left,1,2,2,2,2,3,1,1,,0.896467800001119
341,2021_Oct_29_1319,018,41,male,English,stimulus_o1_b2_c3_n3,stimulus_o2_b2_c3_n3,left,1,2,2,2,3,3,3,3,,1.1424326000014844
342,2021_Oct_29_1319,018,41,male,English,stimulus_o2_b1_c3_n3,stimulus_o2_b2_c3_n3,left,2,2,1,2,3,3,3,3,,0.6514064999973925
343,2021_Oct_29_1319,018,41,male,English,stimulus_o1_b1_c2_n1,stimulus_o2_b2_c3_n2,left,1,2,1,2,2,3,1,2,,0.8757882000027166
344,2021_Oct_29_1319,018,41,male,English,stimulus_o2_b1_c1_n1,stimulus_o2_b2_c1_n2,left,2,2,1,2,1,1,1,2,,0.7714046000000963
345,2021_Oct_29_1319,018,41,male,English,stimulus_o2_b1_c3_n2,stimulus_o2_b2_c3_n3,left,2,2,1,2,3,3,2,3,,0.9031670999975177
346,2021_Oct_29_1319,018,41,male,English,stimulus_o2_b3_c2_n3,stimulus_o2_b3_c3_n2,right,2,2,3,3,2,3,3,2,,0.8614839000001666
347,2021_Oct_29_1319,018,41,male,English,stimulus_o1_b3_c2_n2,stimulus_o2_b3_c1_n3,left,1,2,3,3,2,1,2,3,,0.7170937000009872
348,2021_Oct_29_1319,018,41,male,English,stimulus_o2_b1_c2_n2,stimulus_o2_b3_c3_n3,left,2,2,1,3,2,3,2,3,,1.2826965000022028
349,2021_Oct_29_1319,018,41,male,English,stimulus_o2_b2_c2_n1,stimulus_o2_b3_c1_n2,left,2,2,2,3,2,1,1,2,,0.6419542000003275
350,2021_Oct_29_1319,018,41,male,English,stimulus_o1_b1_c1_n2,stimulus_o1_b2_c3_n1,left,1,1,1,2,1,3,2,1,,0.8029891000005591
351,2021_Oct_29_1319,018,41,male,English,stimulus_o2_b2_c2_n1,stimulus_o2_b2_c2_n2,right,2,2,2,2,2,2,1,2,,0.7886208000018087
352,2021_Oct_29_1319,018,41,male,English,stimulus_o1_b2_c2_n1,stimulus_o2_b2_c2_n2,left,1,2,2,2,2,2,1,2,,0.7042161000026681
353,2021_Oct_29_1319,018,41,male,English,stimulus_o1_b2_c3_n3,stimulus_o2_b1_c2_n1,right,1,2,2,1,3,2,3,1,,1.2146446000006108
354,2021_Oct_29_1319,018,41,male,English,stimulus_o2_b1_c2_n2,stimulus_o2_b2_c2_n3,left,2,2,1,2,2,2,2,3,,0.823953300001449
355,2021_Oct_29_1319,018,41,male,English,stimulus_o1_b1_c2_n2,stimulus_o1_b3_c1_n1,right,1,1,1,3,2,1,2,1,,0.7294132000024547
356,2021_Oct_29_1319,018,41,male,English,stimulus_o2_b2_c1_n1,stimulus_o2_b2_c3_n2,left,2,2,2,2,1,3,1,2,,0.8147719000007783
357,2021_Oct_29_1319,018,41,male,English,stimulus_o1_b3_c1_n1,stimulus_o1_b3_c3_n2,right,1,1,3,3,1,3,1,2,,0.9203568000011728
358,2021_Oct_29_1319,018,41,male,English,stimulus_o1_b2_c1_n1,stimulus_o1_b3_c2_n3,left,1,1,2,3,1,2,1,3,,0.6940592999999353
359,2021_Oct_29_1319,018,41,male,English,stimulus_o1_b2_c3_n3,stimulus_o2_b1_c3_n1,left,1,2,2,1,3,3,3,1,,0.7165549999990617
360,2021_Oct_29_1319,018,41,male,English,stimulus_o2_b1_c1_n1,stimulus_o2_b1_c2_n1,left,2,2,1,1,1,2,1,1,,0.9218170000021928
361,2021_Oct_29_1319,018,41,male,English,stimulus_o1_b1_c3_n3,stimulus_o2_b2_c1_n2,right,1,2,1,2,3,1,3,2,,0.7121417999987898
362,2021_Oct_29_1319,018,41,male,English,stimulus_o2_b1_c2_n1,stimulus_o2_b1_c2_n3,left,2,2,1,1,2,2,1,3,,0.6932602999986557
363,2021_Oct_29_1319,018,41,male,English,stimulus_o1_b1_c1_n3,stimulus_o2_b2_c1_n3,left,1,2,1,2,1,1,3,3,,0.6361667000019224
364,2021_Oct_29_1319,018,41,male,English,stimulus_o1_b3_c2_n1,stimulus_o2_b3_c2_n1,left,1,2,3,3,2,2,1,1,,0.6295210999996925
365,2021_Oct_29_1319,018,41,male,English,stimulus_o2_b1_c2_n2,stimulus_o2_b3_c1_n1,right,2,2,1,3,2,1,2,1,,0.7262191000008897
366,2021_Oct_29_1319,018,41,male,English,stimulus_o1_b3_c1_n1,stimulus_o1_b3_c1_n2,left,1,1,3,3,1,1,1,2,,0.3632505999994464
367,2021_Oct_29_1319,018,41,male,English,stimulus_o1_b3_c2_n1,stimulus_o2_b3_c2_n2,right,1,2,3,3,2,2,1,2,,0.41622479999932693
368,2021_Oct_29_1319,018,41,male,English,stimulus_o1_b2_c3_n3,stimulus_o2_b1_c2_n2,left,1,2,2,1,3,2,3,2,,0.3933352999993076
369,2021_Oct_29_1319,018,41,male,English,stimulus_o1_b1_c2_n3,stimulus_o1_b2_c3_n2,left,1,1,1,2,2,3,3,2,,0.8528313000024355
370,2021_Oct_29_1319,018,41,male,English,stimulus_o1_b3_c3_n1,stimulus_o1_b3_c3_n2,right,1,1,3,3,3,3,1,2,,0.9649539999991248
371,2021_Oct_29_1319,018,41,male,English,stimulus_o1_b3_c3_n3,stimulus_o2_b1_c2_n3,left,1,2,3,1,3,2,3,3,,0.6158295999994152
372,2021_Oct_29_1319,018,41,male,English,stimulus_o1_b1_c1_n2,stimulus_o2_b2_c1_n3,left,1,2,1,2,1,1,2,3,,1.065569800000958
373,2021_Oct_29_1319,018,41,male,English,stimulus_o1_b2_c2_n2,stimulus_o1_b2_c3_n2,right,1,1,2,2,2,3,2,2,,1.1371638999989955
374,2021_Oct_29_1319,018,41,male,English,stimulus_o1_b1_c3_n3,stimulus_o1_b2_c1_n2,right,1,1,1,2,3,1,3,2,,0.7022280999990471
375,2021_Oct_29_1319,018,41,male,English,stimulus_o1_b1_c3_n1,stimulus_o2_b3_c3_n1,left,1,2,1,3,3,3,1,1,,0.9892882000021928
376,2021_Oct_29_1319,018,41,male,English,stimulus_o1_b2_c1_n1,stimulus_o1_b3_c1_n2,right,1,1,2,3,1,1,1,2,,0.6871664999998757
377,2021_Oct_29_1319,018,41,male,English,stimulus_o1_b1_c3_n3,stimulus_o1_b3_c1_n1,right,1,1,1,3,3,1,3,1,,0.8952041999982612
378,2021_Oct_29_1319,018,41,male,English,stimulus_o1_b3_c2_n2,stimulus_o2_b3_c1_n2,left,1,2,3,3,2,1,2,2,,0.6279456000011123
379,2021_Oct_29_1319,018,41,male,English,stimulus_o1_b3_c1_n1,stimulus_o2_b2_c2_n3,left,1,2,3,2,1,2,1,3,,0.9900971999995818
380,2021_Oct_29_1319,018,41,male,English,stimulus_o2_b2_c2_n3,stimulus_o2_b2_c3_n1,right,2,2,2,2,2,3,3,1,,0.8002298999999766
381,2021_Oct_29_1319,018,41,male,English,stimulus_o1_b1_c3_n3,stimulus_o2_b1_c2_n1,right,1,2,1,1,3,2,3,1,,0.7634945999998308
382,2021_Oct_29_1319,018,41,male,English,stimulus_o1_b3_c1_n3,stimulus_o2_b2_c3_n2,right,1,2,3,2,1,3,3,2,,0.694981500000722
383,2021_Oct_29_1319,018,41,male,English,stimulus_o2_b1_c1_n1,stimulus_o2_b1_c3_n2,left,2,2,1,1,1,3,1,2,,0.8456871999987925
384,2021_Oct_29_1319,018,41,male,English,stimulus_o1_b1_c3_n1,stimulus_o2_b3_c3_n2,left,1,2,1,3,3,3,1,2,,0.7344559000011941
385,2021_Oct_29_1319,018,41,male,English,stimulus_o2_b1_c1_n2,stimulus_o2_b3_c3_n3,left,2,2,1,3,1,3,2,3,,0.7555164000004879
386,2021_Oct_29_1319,018,41,male,English,stimulus_o2_b1_c1_n1,stimulus_o2_b3_c1_n1,left,2,2,1,3,1,1,1,1,,0.7353943999987678
387,2021_Oct_29_1319,018,41,male,English,stimulus_o1_b2_c2_n3,stimulus_o1_b3_c3_n2,right,1,1,2,3,2,3,3,2,,0.748837299997831
388,2021_Oct_29_1319,018,41,male,English,stimulus_o1_b3_c1_n2,stimulus_o2_b2_c2_n2,right,1,2,3,2,1,2,2,2,,0.6895021999989694
389,2021_Oct_29_1319,018,41,male,English,stimulus_o1_b2_c2_n3,stimulus_o2_b1_c2_n2,right,1,2,2,1,2,2,3,2,,0.7761398000002373
390,2021_Oct_29_1319,018,41,male,English,stimulus_o2_b1_c3_n2,stimulus_o2_b2_c3_n1,right,2,2,1,2,3,3,2,1,,1.0998605999993742
391,2021_Oct_29_1319,018,41,male,English,stimulus_o1_b1_c2_n1,stimulus_o1_b1_c3_n3,left,1,1,1,1,2,3,1,3,,0.8737445000006119
392,2021_Oct_29_1319,018,41,male,English,stimulus_o1_b3_c1_n1,stimulus_o2_b3_c1_n1,left,1,2,3,3,1,1,1,1,,0.7854879000005894
393,2021_Oct_29_1319,018,41,male,English,stimulus_o2_b1_c3_n3,stimulus_o2_b3_c2_n3,left,2,2,1,3,3,2,3,3,,0.7647744000023522
394,2021_Oct_29_1319,018,41,male,English,stimulus_o2_b1_c1_n2,stimulus_o2_b1_c3_n3,left,2,2,1,1,1,3,2,3,,0.760323900001822
395,2021_Oct_29_1319,018,41,male,English,stimulus_o1_b2_c1_n1,stimulus_o2_b2_c2_n1,left,1,2,2,2,1,2,1,1,,0.8839325000008103
396,2021_Oct_29_1319,018,41,male,English,stimulus_o2_b1_c1_n3,stimulus_o2_b2_c3_n3,left,2,2,1,2,1,3,3,3,,0.6349616999978025
397,2021_Oct_29_1319,018,41,male,English,stimulus_o2_b2_c1_n1,stimulus_o2_b2_c2_n2,right,2,2,2,2,1,2,1,2,,0.7245137999998406
398,2021_Oct_29_1319,018,41,male,English,stimulus_o1_b2_c1_n1,stimulus_o2_b2_c3_n1,right,1,2,2,2,1,3,1,1,,0.6248930000001565
399,2021_Oct_29_1319,018,41,male,English,stimulus_o2_b1_c3_n3,stimulus_o2_b3_c1_n1,right,2,2,1,3,3,1,3,1,,0.7626515000010841
400,2021_Oct_29_1319,018,41,male,English,stimulus_o1_b1_c3_n2,stimulus_o1_b2_c2_n1,right,1,1,1,2,3,2,2,1,,0.7186218999995617
401,2021_Oct_29_1319,018,41,male,English,stimulus_o1_b1_c3_n3,stimulus_o2_b2_c2_n1,left,1,2,1,2,3,2,3,1,,0.5083317999997234
402,2021_Oct_29_1319,018,41,male,English,stimulus_o1_b2_c1_n2,stimulus_o2_b1_c1_n3,right,1,2,2,1,1,1,2,3,,0.3944706000002043
403,2021_Oct_29_1319,018,41,male,English,stimulus_o1_b3_c1_n1,stimulus_o1_b3_c3_n1,left,1,1,3,3,1,3,1,1,,1.1173552999971434
404,2021_Oct_29_1319,018,41,male,English,stimulus_o1_b2_c2_n3,stimulus_o2_b2_c3_n2,right,1,2,2,2,2,3,3,2,,0.3638515999991796
405,2021_Oct_29_1319,018,41,male,English,stimulus_o1_b2_c2_n1,stimulus_o1_b3_c3_n2,left,1,1,2,3,2,3,1,2,,0.7116423000006762
406,2021_Oct_29_1319,018,41,male,English,stimulus_o1_b1_c3_n2,stimulus_o2_b1_c3_n1,left,1,2,1,1,3,3,2,1,,0.7650703999970574
407,2021_Oct_29_1319,018,41,male,English,stimulus_o1_b2_c1_n3,stimulus_o1_b2_c3_n1,right,1,1,2,2,1,3,3,1,,0.5531279999995604
408,2021_Oct_29_1319,018,41,male,English,stimulus_o1_b1_c2_n2,stimulus_o1_b2_c3_n3,left,1,1,1,2,2,3,2,3,,0.7487752999986697
409,2021_Oct_29_1319,018,41,male,English,stimulus_o1_b1_c3_n3,stimulus_o1_b3_c1_n2,right,1,1,1,3,3,1,3,2,,0.7609107999996922
410,2021_Oct_29_1319,018,41,male,English,stimulus_o1_b1_c3_n1,stimulus_o2_b1_c2_n1,left,1,2,1,1,3,2,1,1,,0.7734295000009297
411,2021_Oct_29_1319,018,41,male,English,stimulus_o1_b2_c2_n2,stimulus_o2_b1_c1_n3,left,1,2,2,1,2,1,2,3,,0.7615894000009575
412,2021_Oct_29_1319,018,41,male,English,stimulus_o1_b1_c2_n1,stimulus_o2_b2_c1_n1,left,1,2,1,2,2,1,1,1,,0.5331670999985363
413,2021_Oct_29_1319,018,41,male,English,stimulus_o1_b1_c1_n1,stimulus_o1_b2_c2_n1,right,1,1,1,2,1,2,1,1,,0.5537723999987065
414,2021_Oct_29_1319,018,41,male,English,stimulus_o1_b3_c2_n1,stimulus_o2_b1_c1_n2,left,1,2,3,1,2,1,1,2,,0.4786090999987209
415,2021_Oct_29_1319,018,41,male,English,stimulus_o1_b3_c2_n2,stimulus_o1_b3_c3_n1,right,1,1,3,3,2,3,2,1,,1.0306869000014558
416,2021_Oct_29_1319,018,41,male,English,stimulus_o1_b2_c2_n1,stimulus_o1_b2_c2_n3,left,1,1,2,2,2,2,1,3,,0.774863099999493
417,2021_Oct_29_1319,018,41,male,English,stimulus_o1_b1_c2_n3,stimulus_o1_b1_c3_n1,right,1,1,1,1,2,3,3,1,,0.7391223999984504
418,2021_Oct_29_1319,018,41,male,English,stimulus_o2_b1_c1_n2,stimulus_o2_b1_c2_n2,right,2,2,1,1,1,2,2,2,,0.9997982999993837
419,2021_Oct_29_1319,018,41,male,English,stimulus_o1_b3_c3_n1,stimulus_o2_b3_c1_n2,left,1,2,3,3,3,1,1,2,,0.609847699997772
420,2021_Oct_29_1319,018,41,male,English,stimulus_o1_b2_c1_n2,stimulus_o2_b3_c1_n3,right,1,2,2,3,1,1,2,3,,0.7959746999986237
421,2021_Oct_29_1319,018,41,male,English,stimulus_o2_b1_c1_n1,stimulus_o2_b3_c2_n1,right,2,2,1,3,1,2,1,1,,0.7742472999998427
422,2021_Oct_29_1319,018,41,male,English,stimulus_o1_b2_c1_n3,stimulus_o2_b3_c2_n3,left,1,2,2,3,1,2,3,3,,0.713992999997572
423,2021_Oct_29_1319,018,41,male,English,stimulus_o1_b2_c3_n3,stimulus_o1_b3_c2_n2,right,1,1,2,3,3,2,3,2,,0.8723477000021376
424,2021_Oct_29_1319,018,41,male,English,stimulus_o2_b3_c2_n3,stimulus_o2_b3_c3_n1,right,2,2,3,3,2,3,3,1,,0.6954741000008653
425,2021_Oct_29_1319,018,41,male,English,stimulus_o1_b2_c1_n3,stimulus_o2_b1_c2_n1,right,1,2,2,1,1,2,3,1,,0.7810666000004858
426,2021_Oct_29_1319,018,41,male,English,stimulus_o1_b3_c3_n2,stimulus_o2_b3_c1_n3,left,1,2,3,3,3,1,2,3,,0.6565365999995265
427,2021_Oct_29_1319,018,41,male,English,stimulus_o1_b1_c1_n2,stimulus_o1_b2_c2_n1,right,1,1,1,2,1,2,2,1,,0.6094424000002618
428,2021_Oct_29_1319,018,41,male,English,stimulus_o1_b2_c2_n1,stimulus_o1_b3_c2_n2,left,1,1,2,3,2,2,1,2,,0.667985600000975
429,2021_Oct_29_1319,018,41,male,English,stimulus_o2_b1_c1_n3,stimulus_o2_b3_c1_n2,right,2,2,1,3,1,1,3,2,,0.6603359000000637
430,2021_Oct_29_1319,018,41,male,English,stimulus_o1_b3_c2_n2,stimulus_o2_b3_c3_n1,right,1,2,3,3,2,3,2,1,,1.0116741999991063
431,2021_Oct_29_1319,018,41,male,English,stimulus_o2_b1_c1_n1,stimulus_o2_b1_c3_n3,left,2,2,1,1,1,3,1,3,,0.9096437000007427
432,2021_Oct_29_1319,018,41,male,English,stimulus_o1_b2_c3_n2,stimulus_o2_b3_c1_n1,right,1,2,2,3,3,1,2,1,,0.7315543000004254
433,2021_Oct_29_1319,018,41,male,English,stimulus_o1_b3_c1_n2,stimulus_o2_b3_c3_n3,right,1,2,3,3,1,3,2,3,,0.6729903000014019
434,2021_Oct_29_1319,018,41,male,English,stimulus_o2_b1_c2_n1,stimulus_o2_b2_c3_n3,left,2,2,1,2,2,3,1,3,,0.6889053999984753
435,2021_Oct_29_1319,018,41,male,English,stimulus_o2_b2_c2_n3,stimulus_o2_b3_c1_n1,right,2,2,2,3,2,1,3,1,,0.6883196000017051
436,2021_Oct_29_1319,018,41,male,English,stimulus_o1_b2_c2_n3,stimulus_o1_b3_c1_n2,right,1,1,2,3,2,1,3,2,,0.7672234000019671
437,2021_Oct_29_1319,018,41,male,English,stimulus_o1_b3_c1_n1,stimulus_o2_b3_c2_n2,left,1,2,3,3,1,2,1,2,,0.746583099997224
438,2021_Oct_29_1319,018,41,male,English,stimulus_o1_b2_c1_n2,stimulus_o1_b2_c2_n3,left,1,1,2,2,1,2,2,3,,0.7913066000000981
439,2021_Oct_29_1319,018,41,male,English,stimulus_o1_b1_c3_n2,stimulus_o2_b1_c3_n2,left,1,2,1,1,3,3,2,2,,0.689143999999942
440,2021_Oct_29_1319,018,41,male,English,stimulus_o1_b2_c3_n2,stimulus_o2_b2_c1_n1,right,1,2,2,2,3,1,2,1,,0.6807909999988624
441,2021_Oct_29_1319,018,41,male,English,stimulus_o2_b1_c2_n1,stimulus_o2_b2_c2_n3,left,2,2,1,2,2,2,1,3,,0.6724942999971972
442,2021_Oct_29_1319,018,41,male,English,stimulus_o2_b1_c1_n2,stimulus_o2_b1_c3_n2,left,2,2,1,1,1,3,2,2,,0.6478004999989935
443,2021_Oct_29_1319,018,41,male,English,stimulus_o1_b2_c1_n3,stimulus_o2_b2_c2_n3,right,1,2,2,2,1,2,3,3,,0.6806448999996064
444,2021_Oct_29_1319,018,41,male,English,stimulus_o2_b1_c3_n2,stimulus_o2_b3_c3_n1,left,2,2,1,3,3,3,2,1,,0.5601661000000604
445,2021_Oct_29_1319,018,41,male,English,stimulus_o2_b2_c1_n3,stimulus_o2_b2_c2_n1,right,2,2,2,2,1,2,3,1,,0.6119151999992027
446,2021_Oct_29_1319,018,41,male,English,stimulus_o1_b2_c2_n1,stimulus_o2_b3_c3_n2,left,1,2,2,3,2,3,1,2,,0.7258932000004279
447,2021_Oct_29_1319,018,41,male,English,stimulus_o1_b2_c3_n2,stimulus_o2_b2_c3_n3,left,1,2,2,2,3,3,2,3,,0.7232689000011305
448,2021_Oct_29_1319,018,41,male,English,stimulus_o2_b1_c2_n3,stimulus_o2_b3_c3_n3,right,2,2,1,3,2,3,3,3,,0.6498405999991519
449,2021_Oct_29_1319,018,41,male,English,stimulus_o2_b3_c1_n2,stimulus_o2_b3_c3_n3,right,2,2,3,3,1,3,2,3,,0.5458962000011525
450,2021_Oct_29_1319,018,41,male,English,stimulus_o1_b3_c3_n3,stimulus_o2_b2_c3_n1,left,1,2,3,2,3,3,3,1,,0.573894900000596
451,2021_Oct_29_1319,018,41,male,English,stimulus_o1_b1_c1_n2,stimulus_o2_b3_c3_n2,right,1,2,1,3,1,3,2,2,,0.4904447999979311
452,2021_Oct_29_1319,018,41,male,English,stimulus_o1_b1_c3_n2,stimulus_o1_b3_c2_n3,left,1,1,1,3,3,2,2,3,,0.5297489999975369
453,2021_Oct_29_1319,018,41,male,English,stimulus_o2_b1_c2_n3,stimulus_o2_b2_c1_n2,right,2,2,1,2,2,1,3,2,,0.6463330999977188
454,2021_Oct_29_1319,018,41,male,English,stimulus_o1_b1_c1_n2,stimulus_o1_b1_c2_n2,left,1,1,1,1,1,2,2,2,,0.591590100000758
455,2021_Oct_29_1319,018,41,male,English,stimulus_o1_b1_c3_n3,stimulus_o2_b1_c1_n2,right,1,2,1,1,3,1,3,2,,0.5943330000009155
456,2021_Oct_29_1319,018,41,male,English,stimulus_o2_b1_c2_n3,stimulus_o2_b1_c3_n2,right,2,2,1,1,2,3,3,2,,0.6770892000022286
457,2021_Oct_29_1319,018,41,male,English,stimulus_o1_b1_c1_n2,stimulus_o1_b3_c3_n1,left,1,1,1,3,1,3,2,1,,0.5725375000001804
458,2021_Oct_29_1319,018,41,male,English,stimulus_o1_b3_c2_n1,stimulus_o2_b2_c2_n2,right,1,2,3,2,2,2,1,2,,0.6805687999985821
459,2021_Oct_29_1319,018,41,male,English,stimulus_o1_b2_c3_n2,stimulus_o2_b3_c2_n1,left,1,2,2,3,3,2,2,1,,0.6560082999967563
460,2021_Oct_29_1319,018,41,male,English,stimulus_o1_b3_c3_n1,stimulus_o2_b1_c1_n2,left,1,2,3,1,3,1,1,2,,0.6073312999978953
461,2021_Oct_29_1319,018,41,male,English,stimulus_o2_b2_c3_n2,stimulus_o2_b3_c3_n1,left,2,2,2,3,3,3,2,1,,0.8024034000009124
462,2021_Oct_29_1319,018,41,male,English,stimulus_o1_b2_c3_n3,stimulus_o1_b3_c1_n1,right,1,1,2,3,3,1,3,1,,0.7165243000017654
463,2021_Oct_29_1319,018,41,male,English,stimulus_o1_b2_c1_n3,stimulus_o2_b2_c2_n1,right,1,2,2,2,1,2,3,1,,0.7548969000017678
464,2021_Oct_29_1319,018,41,male,English,stimulus_o2_b1_c3_n3,stimulus_o2_b3_c2_n2,right,2,2,1,3,3,2,3,2,,0.7028468999997131
465,2021_Oct_29_1319,018,41,male,English,stimulus_o1_b2_c3_n2,stimulus_o2_b2_c3_n2,left,1,2,2,2,3,3,2,2,,0.85356789999787
466,2021_Oct_29_1319,018,41,male,English,stimulus_o1_b2_c3_n2,stimulus_o2_b1_c2_n2,left,1,2,2,1,3,2,2,2,,0.7263953000001493
